,MAE,MSE,Model
0,0.013100125861664614,0.0003316933333333333,LSTM
1,0.017046902643525777,0.0005229533333333333,ARIMA
